Company Name,Website,LinkedIn,Employee Range,Hourly Rate,Location
OAKS LAB,https://r.clutch.co/redirect?analyticsjs=true&category=Web+Developers&content_group=directory&debug_mode=false&event_category=visit_website&event_label=640339&from_page=https%3A%2F%2Fclutch.co%2Fweb-developers&is_sponsor=true&keyword=Web+Developers&link_type=sponsor&no_click=1&page_canonical_id=1006000000000&page_location=https%3A%2F%2Fclutch.co%2Fweb-developers&page_number=0&page_type=directory&pid=640339&position=1&source=directory&trace_id=94ca0d8cdc07c1a6&transport_url=https%3A%2F%2Fg.clutch.co&u=https%3A%2F%2Foakslab.com%2F%3Futm_source%3Dclutch.co%26utm_medium%3Dreferral%26utm_campaign%3Dweb-developers,N/A,N/A,$50 - $99 / hr,"Prague, Czech Republic"
INOXOFT,https://r.clutch.co/redirect?analyticsjs=true&category=Web+Developers&content_group=directory&debug_mode=false&event_category=visit_website&event_label=59342&from_page=https%3A%2F%2Fclutch.co%2Fweb-developers&is_sponsor=true&keyword=Web+Developers&link_type=sponsor&no_click=1&page_canonical_id=1006000000000&page_location=https%3A%2F%2Fclutch.co%2Fweb-developers&page_number=0&page_type=directory&pid=59342&position=2&source=directory&trace_id=94ca0d8cdc07c1a6&transport_url=https%3A%2F%2Fg.clutch.co&u=https%3A%2F%2Finoxoft.com%2F%3Futm_source%3Dclutch.co%26utm_medium%3Dreferral%26utm_campaign%3Dweb-developers,N/A,N/A,$25 - $49 / hr,"Newark, DE"
Geniusee,https://r.clutch.co/redirect?analyticsjs=true&category=Web+Developers&content_group=directory&debug_mode=false&event_category=visit_website&event_label=153991&from_page=https%3A%2F%2Fclutch.co%2Fweb-developers&is_sponsor=true&keyword=Web+Developers&link_type=sponsor&no_click=1&page_canonical_id=1006000000000&page_location=https%3A%2F%2Fclutch.co%2Fweb-developers&page_number=0&page_type=directory&pid=153991&position=3&source=directory&trace_id=94ca0d8cdc07c1a6&transport_url=https%3A%2F%2Fg.clutch.co&u=https%3A%2F%2Fgeniusee.com%2F%3Futm_source%3DClutch%26utm_medium%3Dreferral%26utm_campaign%3DSponsored_Top_Web_Development_Companies,N/A,N/A,$25 - $49 / hr,"Warszawa, Poland"
MOBIKASA,https://r.clutch.co/redirect?analyticsjs=true&category=Web+Developers&content_group=directory&debug_mode=false&event_category=visit_website&event_label=19399&from_page=https%3A%2F%2Fclutch.co%2Fweb-developers&is_sponsor=true&keyword=Web+Developers&link_type=sponsor&no_click=1&page_canonical_id=1006000000000&page_location=https%3A%2F%2Fclutch.co%2Fweb-developers&page_number=0&page_type=directory&pid=19399&position=4&source=directory&trace_id=94ca0d8cdc07c1a6&transport_url=https%3A%2F%2Fg.clutch.co&u=https%3A%2F%2Fwww.mobikasa.com%2Fweb-developers%2F%3Futm_source%3Dclutch.co%26utm_medium%3Dreferral%26utm_campaign%3Dweb-developers,N/A,N/A,$25 - $49 / hr,"New York, NY"
Innowise,https://r.clutch.co/redirect?analyticsjs=true&category=Web+Developers&content_group=directory&debug_mode=false&event_category=visit_website&event_label=477653&from_page=https%3A%2F%2Fclutch.co%2Fweb-developers&is_sponsor=true&keyword=Web+Developers&link_type=sponsor&no_click=1&page_canonical_id=1006000000000&page_location=https%3A%2F%2Fclutch.co%2Fweb-developers&page_number=0&page_type=directory&pid=477653&position=5&source=directory&trace_id=94ca0d8cdc07c1a6&transport_url=https%3A%2F%2Fg.clutch.co&u=https%3A%2F%2Finnowise.com%2Fservices%2Fweb-development%2F%3Futm_source%3Dclutch.co%26utm_medium%3Dreferral%26utm_campaign%3Dweb-developers,N/A,N/A,$50 - $99 / hr,"Warszawa, Poland"
WOLFPACK DIGITAL,https://r.clutch.co/redirect?analyticsjs=true&category=Web+Developers&content_group=directory&debug_mode=false&event_category=visit_website&event_label=403365&from_page=https%3A%2F%2Fclutch.co%2Fweb-developers&is_sponsor=true&keyword=Web+Developers&link_type=sponsor&no_click=1&page_canonical_id=1006000000000&page_location=https%3A%2F%2Fclutch.co%2Fweb-developers&page_number=0&page_type=directory&pid=403365&position=6&source=directory&trace_id=94ca0d8cdc07c1a6&transport_url=https%3A%2F%2Fg.clutch.co&u=https%3A%2F%2Fwolfpack-digital.com%2F%3Futm_source%3Dclutch%26utm_campaign%3Dweb-developers,N/A,N/A,$50 - $99 / hr,"Cluj-Napoca, Romania"
Xmartlabs,https://r.clutch.co/redirect?analyticsjs=true&category=Web+Developers&content_group=directory&debug_mode=false&event_category=visit_website&event_label=86856&from_page=https%3A%2F%2Fclutch.co%2Fweb-developers&is_sponsor=true&keyword=Web+Developers&link_type=sponsor&no_click=1&page_canonical_id=1006000000000&page_location=https%3A%2F%2Fclutch.co%2Fweb-developers&page_number=0&page_type=directory&pid=86856&position=7&source=directory&trace_id=94ca0d8cdc07c1a6&transport_url=https%3A%2F%2Fg.clutch.co&u=https%3A%2F%2Fxmartlabs.com%2F%3Futm_source%3Dclutch.co%26utm_medium%3Dreferral%26utm_campaign%3Dweb-developers,N/A,N/A,$50 - $99 / hr,"Montevideo, Uruguay"
Polcode,https://r.clutch.co/redirect?analyticsjs=true&category=Web+Developers&content_group=directory&debug_mode=false&event_category=visit_website&event_label=150925&from_page=https%3A%2F%2Fclutch.co%2Fweb-developers&is_sponsor=true&keyword=Web+Developers&link_type=sponsor&no_click=1&page_canonical_id=1006000000000&page_location=https%3A%2F%2Fclutch.co%2Fweb-developers&page_number=0&page_type=directory&pid=150925&position=8&source=directory&trace_id=94ca0d8cdc07c1a6&transport_url=https%3A%2F%2Fg.clutch.co&u=https%3A%2F%2Fpolcode.com%2F%3Futm_source%3Dclutch.co%26utm_medium%3Dreferral%26utm_campaign%3Dweb-developers,N/A,N/A,$50 - $99 / hr,"Warszawa, Poland"
Dualboot Partners,https://r.clutch.co/redirect?analyticsjs=true&category=Web+Developers&content_group=directory&debug_mode=false&event_category=visit_website&event_label=1678985&from_page=https%3A%2F%2Fclutch.co%2Fweb-developers&is_sponsor=true&keyword=Web+Developers&link_type=sponsor&no_click=1&page_canonical_id=1006000000000&page_location=https%3A%2F%2Fclutch.co%2Fweb-developers&page_number=0&page_type=directory&pid=1678985&position=9&source=directory&trace_id=94ca0d8cdc07c1a6&transport_url=https%3A%2F%2Fg.clutch.co&u=https%3A%2F%2Fdualbootpartners.com%2Fclutch%2Fweb-development%2F%3Futm_source%3Dclutch.co%26utm_medium%3Dreferral%26utm_campaign%3Dweb-developers,N/A,N/A,Undisclosed,"Charlotte, NC"
Flatirons,https://r.clutch.co/redirect?analyticsjs=true&category=Web+Developers&content_group=directory&debug_mode=false&event_category=visit_website&event_label=511754&from_page=https%3A%2F%2Fclutch.co%2Fweb-developers&is_sponsor=true&keyword=Web+Developers&link_type=sponsor&no_click=1&page_canonical_id=1006000000000&page_location=https%3A%2F%2Fclutch.co%2Fweb-developers&page_number=0&page_type=directory&pid=511754&position=10&source=directory&trace_id=94ca0d8cdc07c1a6&transport_url=https%3A%2F%2Fg.clutch.co&u=https%3A%2F%2Fflatirons.com%2Fservices%2Fweb-development%2F%3Futm_source%3Dclutch.co%26utm_medium%3Dreferral%26utm_campaign%3Dweb-developers,N/A,N/A,$50 - $99 / hr,"Boulder, CO"
Unico Connect,https://r.clutch.co/redirect?analyticsjs=true&category=Web+Developers&content_group=directory&debug_mode=false&event_category=visit_website&event_label=1288547&from_page=https%3A%2F%2Fclutch.co%2Fweb-developers&is_sponsor=true&keyword=Web+Developers&link_type=sponsor&no_click=1&page_canonical_id=1006000000000&page_location=https%3A%2F%2Fclutch.co%2Fweb-developers&page_number=0&page_type=directory&pid=1288547&position=11&source=directory&trace_id=94ca0d8cdc07c1a6&transport_url=https%3A%2F%2Fg.clutch.co&u=https%3A%2F%2Funicoconnect.com%2F%3Futm_source%3Dclutch.co%26utm_medium%3Dreferral%26utm_campaign%3Dweb-developers,N/A,N/A,$25 - $49 / hr,"Mumbai, India"
Think To Share,https://r.clutch.co/redirect?analyticsjs=true&category=Web+Developers&content_group=directory&debug_mode=false&event_category=visit_website&event_label=831209&from_page=https%3A%2F%2Fclutch.co%2Fweb-developers&is_sponsor=true&keyword=Web+Developers&link_type=sponsor&no_click=1&page_canonical_id=1006000000000&page_location=https%3A%2F%2Fclutch.co%2Fweb-developers&page_number=0&page_type=directory&pid=831209&position=12&source=directory&trace_id=94ca0d8cdc07c1a6&transport_url=https%3A%2F%2Fg.clutch.co&u=https%3A%2F%2Fthinktoshare.com%2F%3Futm_source%3Dclutch.co%26utm_medium%3Dreferral%26utm_campaign%3Dweb-developers,N/A,N/A,$25 - $49 / hr,"Jersey City, NJ"
Adchitects,https://r.clutch.co/redirect?analyticsjs=true&category=Web+Developers&content_group=directory&debug_mode=false&event_category=visit_website&event_label=216858&from_page=https%3A%2F%2Fclutch.co%2Fweb-developers&is_sponsor=true&keyword=Web+Developers&link_type=sponsor&no_click=1&page_canonical_id=1006000000000&page_location=https%3A%2F%2Fclutch.co%2Fweb-developers&page_number=0&page_type=directory&pid=216858&position=13&source=directory&trace_id=94ca0d8cdc07c1a6&transport_url=https%3A%2F%2Fg.clutch.co&u=https%3A%2F%2Fadchitects.co%2F%3Futm_source%3Dclutch.co%26utm_medium%3Dreferral%26utm_campaign%3Dweb-developers,N/A,N/A,$50 - $99 / hr,"Poznań, Poland"
Rootstrap,https://r.clutch.co/redirect?analyticsjs=true&category=Web+Developers&content_group=directory&debug_mode=false&event_category=visit_website&event_label=284181&from_page=https%3A%2F%2Fclutch.co%2Fweb-developers&is_sponsor=true&keyword=Web+Developers&link_type=sponsor&no_click=1&page_canonical_id=1006000000000&page_location=https%3A%2F%2Fclutch.co%2Fweb-developers&page_number=0&page_type=directory&pid=284181&position=14&source=directory&trace_id=94ca0d8cdc07c1a6&transport_url=https%3A%2F%2Fg.clutch.co&u=https%3A%2F%2Fwww.rootstrap.com%2Fintro%3Futm_source%3Dclutch.co%26utm_medium%3Dreferral%26utm_campaign%3Dweb-developers,N/A,N/A,$50 - $99 / hr,"Beverly Hills, CA"
Hookux,https://r.clutch.co/redirect?analyticsjs=true&category=Web+Developers&content_group=directory&debug_mode=false&event_category=visit_website&event_label=2456664&from_page=https%3A%2F%2Fclutch.co%2Fweb-developers&is_sponsor=true&keyword=Web+Developers&link_type=sponsor&no_click=1&page_canonical_id=1006000000000&page_location=https%3A%2F%2Fclutch.co%2Fweb-developers&page_number=0&page_type=directory&pid=2456664&position=15&source=directory&trace_id=94ca0d8cdc07c1a6&transport_url=https%3A%2F%2Fg.clutch.co&u=https%3A%2F%2Fhookux.com%2F%3Futm_source%3Dclutch.co%26utm_medium%3Dreferral%26utm_campaign%3Dweb-developers,N/A,N/A,$100 - $149 / hr,
Digital Butlers,https://r.clutch.co/redirect?analyticsjs=true&category=Web+Developers&content_group=directory&debug_mode=false&event_category=visit_website&event_label=1973322&from_page=https%3A%2F%2Fclutch.co%2Fweb-developers&is_sponsor=true&keyword=Web+Developers&link_type=sponsor&no_click=1&page_canonical_id=1006000000000&page_location=https%3A%2F%2Fclutch.co%2Fweb-developers&page_number=0&page_type=directory&pid=1973322&position=16&source=directory&trace_id=94ca0d8cdc07c1a6&transport_url=https%3A%2F%2Fg.clutch.co&u=https%3A%2F%2Fwww.digitalbutlers.team%2F%3Futm_source%3Dclutch.co%26utm_medium%3Dreferral%26utm_campaign%3Dweb-developers,N/A,N/A,$50 - $99 / hr,"Limassol, Cyprus"
"TRIARE, LLC",https://r.clutch.co/redirect?analyticsjs=true&category=Web+Developers&content_group=directory&debug_mode=false&event_category=visit_website&event_label=687681&from_page=https%3A%2F%2Fclutch.co%2Fweb-developers&is_sponsor=true&keyword=Web+Developers&link_type=sponsor&no_click=1&page_canonical_id=1006000000000&page_location=https%3A%2F%2Fclutch.co%2Fweb-developers&page_number=0&page_type=directory&pid=687681&position=17&source=directory&trace_id=94ca0d8cdc07c1a6&transport_url=https%3A%2F%2Fg.clutch.co&u=https%3A%2F%2Ftriare.net%2Fservice-web-development%2F%3Futm_source%3Dclutch.co%26utm_medium%3Dreferral%26utm_campaign%3Dweb-developers,N/A,N/A,$50 - $99 / hr,"Fairfax, VA"
GLOBALDEV,https://r.clutch.co/redirect?analyticsjs=true&category=Web+Developers&content_group=directory&debug_mode=false&event_category=visit_website&event_label=23512&from_page=https%3A%2F%2Fclutch.co%2Fweb-developers&is_sponsor=true&keyword=Web+Developers&link_type=sponsor&no_click=1&page_canonical_id=1006000000000&page_location=https%3A%2F%2Fclutch.co%2Fweb-developers&page_number=0&page_type=directory&pid=23512&position=18&source=directory&trace_id=94ca0d8cdc07c1a6&transport_url=https%3A%2F%2Fg.clutch.co&u=https%3A%2F%2Fglobaldev.tech%2F%3Futm_source%3Dclutch.co%26utm_medium%3Dreferral%26utm_campaign%3Dweb-developers,N/A,N/A,$25 - $49 / hr,"Warszawa, Poland"
Tridhya Tech Limited,https://r.clutch.co/redirect?analyticsjs=true&category=Web+Developers&content_group=directory&debug_mode=false&event_category=visit_website&event_label=707836&from_page=https%3A%2F%2Fclutch.co%2Fweb-developers&is_sponsor=true&keyword=Web+Developers&link_type=sponsor&no_click=1&page_canonical_id=1006000000000&page_location=https%3A%2F%2Fclutch.co%2Fweb-developers&page_number=0&page_type=directory&pid=707836&position=19&source=directory&trace_id=94ca0d8cdc07c1a6&transport_url=https%3A%2F%2Fg.clutch.co&u=https%3A%2F%2Fwww.tridhyatech.com%2Ftop-web-dev-company,N/A,N/A,< $25 / hr,"Ahmedabad, India"
Xfive,https://r.clutch.co/redirect?analyticsjs=true&category=Web+Developers&content_group=directory&debug_mode=false&event_category=visit_website&event_label=102433&from_page=https%3A%2F%2Fclutch.co%2Fweb-developers&is_sponsor=true&keyword=Web+Developers&link_type=sponsor&no_click=1&page_canonical_id=1006000000000&page_location=https%3A%2F%2Fclutch.co%2Fweb-developers&page_number=0&page_type=directory&pid=102433&position=20&source=directory&trace_id=94ca0d8cdc07c1a6&transport_url=https%3A%2F%2Fg.clutch.co&u=https%3A%2F%2Fwww.xfive.co%2Fpartners%2Fclutch%2F%3Futm_source%3Dclutch.co%26utm_medium%3Dreferral%26utm_campaign%3Dweb-developers,N/A,N/A,$50 - $99 / hr,"Kraków, Poland"
KrishaWeb,https://r.clutch.co/redirect?analyticsjs=true&category=Web+Developers&content_group=directory&debug_mode=false&event_category=visit_website&event_label=72952&from_page=https%3A%2F%2Fclutch.co%2Fweb-developers&is_sponsor=true&keyword=Web+Developers&link_type=sponsor&no_click=1&page_canonical_id=1006000000000&page_location=https%3A%2F%2Fclutch.co%2Fweb-developers&page_number=0&page_type=directory&pid=72952&position=21&source=directory&trace_id=94ca0d8cdc07c1a6&transport_url=https%3A%2F%2Fg.clutch.co&u=https%3A%2F%2Fwww.krishaweb.com%2F%3Futm_source%3Dclutch.co%26utm_medium%3Dreferral%26utm_campaign%3Dweb-developers,N/A,N/A,$50 - $99 / hr,"Loveland, CO"
Twin Sun,https://r.clutch.co/redirect?analyticsjs=true&category=Web+Developers&content_group=directory&debug_mode=false&event_category=visit_website&event_label=326187&from_page=https%3A%2F%2Fclutch.co%2Fweb-developers&is_sponsor=true&keyword=Web+Developers&link_type=sponsor&no_click=1&page_canonical_id=1006000000000&page_location=https%3A%2F%2Fclutch.co%2Fweb-developers&page_number=0&page_type=directory&pid=326187&position=22&source=directory&trace_id=94ca0d8cdc07c1a6&transport_url=https%3A%2F%2Fg.clutch.co&u=https%3A%2F%2Ftwinsunsolutions.com%2F%3Futm_source%3Dclutch.co%26utm_medium%3Dreferral%26utm_campaign%3Dweb-developers,N/A,N/A,$150 - $199 / hr,"Nashville, TN"
SapientPro,https://r.clutch.co/redirect?analyticsjs=true&category=Web+Developers&content_group=directory&debug_mode=false&event_category=visit_website&event_label=365134&from_page=https%3A%2F%2Fclutch.co%2Fweb-developers&is_sponsor=true&keyword=Web+Developers&link_type=sponsor&no_click=1&page_canonical_id=1006000000000&page_location=https%3A%2F%2Fclutch.co%2Fweb-developers&page_number=0&page_type=directory&pid=365134&position=23&source=directory&trace_id=94ca0d8cdc07c1a6&transport_url=https%3A%2F%2Fg.clutch.co&u=https%3A%2F%2Fsapient.pro%2Fservices%3Futm_source%3Dclutch.co%26utm_medium%3Dreferral%26utm_campaign%3Dweb-developers,N/A,N/A,$25 - $49 / hr,"Luzern, Switzerland"
Cedarcode,https://r.clutch.co/redirect?analyticsjs=true&category=Web+Developers&content_group=directory&debug_mode=false&event_category=visit_website&event_label=984830&from_page=https%3A%2F%2Fclutch.co%2Fweb-developers&is_sponsor=true&keyword=Web+Developers&link_type=sponsor&no_click=1&page_canonical_id=1006000000000&page_location=https%3A%2F%2Fclutch.co%2Fweb-developers&page_number=0&page_type=directory&pid=984830&position=24&source=directory&trace_id=94ca0d8cdc07c1a6&transport_url=https%3A%2F%2Fg.clutch.co&u=https%3A%2F%2Fcedarcode.com%2F%3Futm_source%3Dclutch.co%26utm_medium%3Dreferral,N/A,N/A,$50 - $99 / hr,"Montevideo, Uruguay"
Aubergine Solutions | UX + AI + Product Development Consulting,https://r.clutch.co/redirect?analyticsjs=true&category=Web+Developers&content_group=directory&debug_mode=false&event_category=visit_website&event_label=330226&from_page=https%3A%2F%2Fclutch.co%2Fweb-developers&is_sponsor=true&keyword=Web+Developers&link_type=sponsor&no_click=1&page_canonical_id=1006000000000&page_location=https%3A%2F%2Fclutch.co%2Fweb-developers&page_number=0&page_type=directory&pid=330226&position=25&source=directory&trace_id=94ca0d8cdc07c1a6&transport_url=https%3A%2F%2Fg.clutch.co&u=https%3A%2F%2Fauberginesolutions.com%2Fclutch-landing%2F%3Futm_source%3Dclutch.co%26utm_medium%3Dreferral%26utm_campaign%3Dweb-developers,N/A,N/A,$25 - $49 / hr,"Bengaluru, India"
Dedicated Developers,https://r.clutch.co/redirect?analyticsjs=true&category=Web+Developers&content_group=directory&debug_mode=false&event_category=visit_website&event_label=307683&from_page=https%3A%2F%2Fclutch.co%2Fweb-developers&is_sponsor=true&keyword=Web+Developers&link_type=sponsor&no_click=1&page_canonical_id=1006000000000&page_location=https%3A%2F%2Fclutch.co%2Fweb-developers&page_number=0&page_type=directory&pid=307683&position=26&source=directory&trace_id=94ca0d8cdc07c1a6&transport_url=https%3A%2F%2Fg.clutch.co&u=https%3A%2F%2Fdedicateddevelopers.com%2Fglobal%2F%3Futm_source%3Dclutch.co%26utm_medium%3Dreferral%26utm_campaign%3Dweb-developers,N/A,N/A,$50 - $99 / hr,"Atlanta, GA"
Lumitech,https://r.clutch.co/redirect?analyticsjs=true&category=Web+Developers&content_group=directory&debug_mode=false&event_category=visit_website&event_label=2224116&from_page=https%3A%2F%2Fclutch.co%2Fweb-developers&is_sponsor=true&keyword=Web+Developers&link_type=sponsor&no_click=1&page_canonical_id=1006000000000&page_location=https%3A%2F%2Fclutch.co%2Fweb-developers&page_number=0&page_type=directory&pid=2224116&position=27&source=directory&trace_id=94ca0d8cdc07c1a6&transport_url=https%3A%2F%2Fg.clutch.co&u=https%3A%2F%2Flumitech.co%2F%3Futm_source%3Dclutch.co%26utm_medium%3Dreferral%26utm_campaign%3Dweb-developers,N/A,N/A,$25 - $49 / hr,"Dubai, United Arab Emirates"
Danavero Inc.,https://r.clutch.co/redirect?analyticsjs=true&category=Web+Developers&content_group=directory&debug_mode=false&event_category=visit_website&event_label=711970&from_page=https%3A%2F%2Fclutch.co%2Fweb-developers&is_sponsor=true&keyword=Web+Developers&link_type=sponsor&no_click=1&page_canonical_id=1006000000000&page_location=https%3A%2F%2Fclutch.co%2Fweb-developers&page_number=0&page_type=directory&pid=711970&position=28&source=directory&trace_id=94ca0d8cdc07c1a6&transport_url=https%3A%2F%2Fg.clutch.co&u=https%3A%2F%2Fdanavero.com%2F%3Futm_source%3Dclutch.co%26utm_medium%3Dreferral%26utm_campaign%3Dweb-developers,N/A,N/A,$50 - $99 / hr,"Burlington, Canada"
Voidweb,https://r.clutch.co/redirect?analyticsjs=true&category=Web+Developers&content_group=directory&debug_mode=false&event_category=visit_website&event_label=1625030&from_page=https%3A%2F%2Fclutch.co%2Fweb-developers&is_sponsor=true&keyword=Web+Developers&link_type=sponsor&no_click=1&page_canonical_id=1006000000000&page_location=https%3A%2F%2Fclutch.co%2Fweb-developers&page_number=0&page_type=directory&pid=1625030&position=29&source=directory&trace_id=94ca0d8cdc07c1a6&transport_url=https%3A%2F%2Fg.clutch.co&u=https%3A%2F%2Fwww.voidweb.eu%2F%3Futm_source%3Dclutch.co%26utm_medium%3Dreferral%26utm_campaign%3Dweb-developers,N/A,N/A,$25 - $49 / hr,"Plovdiv, Bulgaria"
Revolt,https://r.clutch.co/redirect?analyticsjs=true&category=Web+Developers&content_group=directory&debug_mode=false&event_category=visit_website&event_label=1901255&from_page=https%3A%2F%2Fclutch.co%2Fweb-developers&is_sponsor=true&keyword=Web+Developers&link_type=sponsor&no_click=1&page_canonical_id=1006000000000&page_location=https%3A%2F%2Fclutch.co%2Fweb-developers&page_number=0&page_type=directory&pid=1901255&position=30&source=directory&trace_id=94ca0d8cdc07c1a6&transport_url=https%3A%2F%2Fg.clutch.co&u=https%3A%2F%2Frevolt.digital%3Futm_source%3Dclutch.co%26utm_medium%3Dreferral%26utm_campaign%3Dweb-developers,N/A,N/A,$50 - $99 / hr,"Buenos Aires, Argentina"
Xenia Tech,https://r.clutch.co/redirect?analyticsjs=true&category=Web+Developers&content_group=directory&debug_mode=false&event_category=visit_website&event_label=1376954&from_page=https%3A%2F%2Fclutch.co%2Fweb-developers&is_sponsor=true&keyword=Web+Developers&link_type=sponsor&no_click=1&page_canonical_id=1006000000000&page_location=https%3A%2F%2Fclutch.co%2Fweb-developers&page_number=0&page_type=directory&pid=1376954&position=31&source=directory&trace_id=94ca0d8cdc07c1a6&transport_url=https%3A%2F%2Fg.clutch.co&u=https%3A%2F%2Fxenia.tech,N/A,N/A,$25 - $49 / hr,"Da Nang, Vietnam"
Monkey Wizard Media,https://r.clutch.co/redirect?analyticsjs=true&category=Web+Developers&content_group=directory&debug_mode=false&event_category=visit_website&event_label=2373375&from_page=https%3A%2F%2Fclutch.co%2Fweb-developers&is_sponsor=true&keyword=Web+Developers&link_type=sponsor&no_click=1&page_canonical_id=1006000000000&page_location=https%3A%2F%2Fclutch.co%2Fweb-developers&page_number=0&page_type=directory&pid=2373375&position=32&source=directory&trace_id=94ca0d8cdc07c1a6&transport_url=https%3A%2F%2Fg.clutch.co&u=https%3A%2F%2Fmonkeywizard.io%2F%3Futm_source%3Dclutch.co%26utm_medium%3Dreferral%26utm_campaign%3Ddirectory,N/A,N/A,$50 - $99 / hr,"Hvalstad, Norway"
Bullzeye Media Marketing,https://r.clutch.co/redirect?analyticsjs=true&category=Web+Developers&content_group=directory&debug_mode=false&event_category=visit_website&event_label=2172200&from_page=https%3A%2F%2Fclutch.co%2Fweb-developers&is_sponsor=true&keyword=Web+Developers&link_type=sponsor&no_click=1&page_canonical_id=1006000000000&page_location=https%3A%2F%2Fclutch.co%2Fweb-developers&page_number=0&page_type=directory&pid=2172200&position=33&source=directory&trace_id=94ca0d8cdc07c1a6&transport_url=https%3A%2F%2Fg.clutch.co&u=https%3A%2F%2Fthebullzeye.com%3Futm_source%3Dclutch.co%26utm_medium%3Dreferral%26utm_campaign%3Dweb-developers,N/A,N/A,$300+ / hr,"Livingston, NJ"
Temy,https://r.clutch.co/redirect?analyticsjs=true&category=Web+Developers&content_group=directory&debug_mode=false&event_category=visit_website&event_label=81341&from_page=https%3A%2F%2Fclutch.co%2Fweb-developers&is_sponsor=true&keyword=Web+Developers&link_type=sponsor&no_click=1&page_canonical_id=1006000000000&page_location=https%3A%2F%2Fclutch.co%2Fweb-developers&page_number=0&page_type=directory&pid=81341&position=34&source=directory&trace_id=94ca0d8cdc07c1a6&transport_url=https%3A%2F%2Fg.clutch.co&u=https%3A%2F%2Fwww.temy.co%2Fweb-development-company%2F%3Futm_source%3Dclutch.co%26utm_medium%3Dreferral%26utm_campaign%3Dweb-developers,N/A,N/A,$25 - $49 / hr,"L'viv, Ukraine"
Railsware,https://r.clutch.co/redirect?analyticsjs=true&category=Web+Developers&content_group=directory&debug_mode=false&event_category=visit_website&event_label=20198&from_page=https%3A%2F%2Fclutch.co%2Fweb-developers&is_sponsor=true&keyword=Web+Developers&link_type=sponsor&no_click=1&page_canonical_id=1006000000000&page_location=https%3A%2F%2Fclutch.co%2Fweb-developers&page_number=0&page_type=directory&pid=20198&position=35&source=directory&trace_id=94ca0d8cdc07c1a6&transport_url=https%3A%2F%2Fg.clutch.co&u=https%3A%2F%2Frailsware.com%2Fservices%2F%3Futm_source%3Dclutch.co%26utm_medium%3Dreferral%26utm_campaign%3Dweb-developers,N/A,N/A,$100 - $149 / hr,"Kraków, Poland"
Linnify,https://r.clutch.co/redirect?analyticsjs=true&category=Web+Developers&content_group=directory&debug_mode=false&event_category=visit_website&event_label=1127462&from_page=https%3A%2F%2Fclutch.co%2Fweb-developers&is_sponsor=true&keyword=Web+Developers&link_type=sponsor&no_click=1&page_canonical_id=1006000000000&page_location=https%3A%2F%2Fclutch.co%2Fweb-developers&page_number=0&page_type=directory&pid=1127462&position=36&source=directory&trace_id=94ca0d8cdc07c1a6&transport_url=https%3A%2F%2Fg.clutch.co&u=https%3A%2F%2Fwww.linnify.com%2Fclutch%3Futm_source%3Dclutch.co%26utm_medium%3Dreferral%26utm_campaign%3Dweb-developers,N/A,N/A,$50 - $99 / hr,"Cluj-Napoca, Romania"
Solar Digital,https://r.clutch.co/redirect?analyticsjs=true&category=Web+Developers&content_group=directory&debug_mode=false&event_category=visit_website&event_label=203955&from_page=https%3A%2F%2Fclutch.co%2Fweb-developers&is_sponsor=true&keyword=Web+Developers&link_type=sponsor&no_click=1&page_canonical_id=1006000000000&page_location=https%3A%2F%2Fclutch.co%2Fweb-developers&page_number=0&page_type=directory&pid=203955&position=37&source=directory&trace_id=94ca0d8cdc07c1a6&transport_url=https%3A%2F%2Fg.clutch.co&u=https%3A%2F%2Fsolar-digital.com%2F%3Futm_source%3Dclutch.co%26utm_medium%3Dreferral%26utm_campaign%3Dweb-developers,N/A,N/A,$25 - $49 / hr,"London, England"
Valletta.Software: AI-Powered Software Development,https://r.clutch.co/redirect?analyticsjs=true&category=Web+Developers&content_group=directory&debug_mode=false&event_category=visit_website&event_label=2166738&from_page=https%3A%2F%2Fclutch.co%2Fweb-developers&is_sponsor=true&keyword=Web+Developers&link_type=sponsor&no_click=1&page_canonical_id=1006000000000&page_location=https%3A%2F%2Fclutch.co%2Fweb-developers&page_number=0&page_type=directory&pid=2166738&position=38&source=directory&trace_id=94ca0d8cdc07c1a6&transport_url=https%3A%2F%2Fg.clutch.co&u=https%3A%2F%2Fwww.vallettasoftware.com%2Fwebsite-dev.html%3Futm_source%3Dclutch.co%26utm_medium%3Dreferral%26utm_campaign%3Dweb-developers,N/A,N/A,$50 - $99 / hr,"San Ġiljan, Malta"
Beetroot AB,https://r.clutch.co/redirect?analyticsjs=true&category=Web+Developers&content_group=directory&debug_mode=false&event_category=visit_website&event_label=685840&from_page=https%3A%2F%2Fclutch.co%2Fweb-developers&is_sponsor=true&keyword=Web+Developers&link_type=sponsor&no_click=1&page_canonical_id=1006000000000&page_location=https%3A%2F%2Fclutch.co%2Fweb-developers&page_number=0&page_type=directory&pid=685840&position=39&source=directory&trace_id=94ca0d8cdc07c1a6&transport_url=https%3A%2F%2Fg.clutch.co&u=https%3A%2F%2Fbeetroot.co%2Fdedicated-development-team%2F%3Futm_source%3Dclutch.co%26utm_medium%3Dreferral%26utm_campaign%3Dweb-developers,N/A,N/A,$25 - $49 / hr,"Stockholm, Sweden"
Goodface agency,https://r.clutch.co/redirect?analyticsjs=true&category=Web+Developers&content_group=directory&debug_mode=false&event_category=visit_website&event_label=1180452&from_page=https%3A%2F%2Fclutch.co%2Fweb-developers&is_sponsor=true&keyword=Web+Developers&link_type=sponsor&no_click=1&page_canonical_id=1006000000000&page_location=https%3A%2F%2Fclutch.co%2Fweb-developers&page_number=0&page_type=directory&pid=1180452&position=40&source=directory&trace_id=94ca0d8cdc07c1a6&transport_url=https%3A%2F%2Fg.clutch.co&u=https%3A%2F%2Fgoodface.agency%2F%3Futm_source%3Dclutch.co%26utm_medium%3Dreferral%3Futm_source%3Dclutch.co%26utm_medium%3Dreferral%26utm_campaign%3Dweb-developers,N/A,N/A,$25 - $49 / hr,"Kyiv, Ukraine"
Golden-Web Digital,https://r.clutch.co/redirect?analyticsjs=true&category=Web+Developers&content_group=directory&debug_mode=false&event_category=visit_website&event_label=1931036&from_page=https%3A%2F%2Fclutch.co%2Fweb-developers&is_sponsor=true&keyword=Web+Developers&link_type=sponsor&no_click=1&page_canonical_id=1006000000000&page_location=https%3A%2F%2Fclutch.co%2Fweb-developers&page_number=0&page_type=directory&pid=1931036&position=41&source=directory&trace_id=94ca0d8cdc07c1a6&transport_url=https%3A%2F%2Fg.clutch.co&u=https%3A%2F%2Fgolden-web.digital%2Fen%2Fdev%2F%3Futm_source%3Dclutch.co%26utm_medium%3Dreferral%26utm_campaign%3Dweb-developers,N/A,N/A,$50 - $99 / hr,"Ternopil, Ukraine"
Vauldex,https://r.clutch.co/redirect?analyticsjs=true&category=Web+Developers&content_group=directory&debug_mode=false&event_category=visit_website&event_label=2362773&from_page=https%3A%2F%2Fclutch.co%2Fweb-developers&is_sponsor=true&keyword=Web+Developers&link_type=sponsor&no_click=1&page_canonical_id=1006000000000&page_location=https%3A%2F%2Fclutch.co%2Fweb-developers&page_number=0&page_type=directory&pid=2362773&position=42&source=directory&trace_id=94ca0d8cdc07c1a6&transport_url=https%3A%2F%2Fg.clutch.co&u=https%3A%2F%2Fvauldex.com%2Fsolutions,N/A,N/A,$25 - $49 / hr,"Fukuoka, Japan"
Mindpath Technology Limited,https://r.clutch.co/redirect?analyticsjs=true&category=Web+Developers&content_group=directory&debug_mode=false&event_category=visit_website&event_label=753589&from_page=https%3A%2F%2Fclutch.co%2Fweb-developers&is_sponsor=true&keyword=Web+Developers&link_type=sponsor&no_click=1&page_canonical_id=1006000000000&page_location=https%3A%2F%2Fclutch.co%2Fweb-developers&page_number=0&page_type=directory&pid=753589&position=43&source=directory&trace_id=94ca0d8cdc07c1a6&transport_url=https%3A%2F%2Fg.clutch.co&u=https%3A%2F%2Fmindpathtech.com%2F%3Futm_source%3Dclutch.co%26utm_medium%3Dreferral%26utm_campaign%3Dweb-developers,N/A,N/A,$25 - $49 / hr,"Indore, India"
GamarTech,https://r.clutch.co/redirect?analyticsjs=true&category=Web+Developers&content_group=directory&debug_mode=false&event_category=visit_website&event_label=2441963&from_page=https%3A%2F%2Fclutch.co%2Fweb-developers&is_sponsor=true&keyword=Web+Developers&link_type=sponsor&no_click=1&page_canonical_id=1006000000000&page_location=https%3A%2F%2Fclutch.co%2Fweb-developers&page_number=0&page_type=directory&pid=2441963&position=44&source=directory&trace_id=94ca0d8cdc07c1a6&transport_url=https%3A%2F%2Fg.clutch.co&u=https%3A%2F%2Fgamartech.com%2F%3Futm_source%3Dclutch.co%26utm_medium%3Dreferral%26utm_campaign%3Ddirectory,N/A,N/A,$25 - $49 / hr,"Białystok, Poland"
Dreamix,https://r.clutch.co/redirect?analyticsjs=true&category=Web+Developers&content_group=directory&debug_mode=false&event_category=visit_website&event_label=135987&from_page=https%3A%2F%2Fclutch.co%2Fweb-developers&is_sponsor=true&keyword=Web+Developers&link_type=sponsor&no_click=1&page_canonical_id=1006000000000&page_location=https%3A%2F%2Fclutch.co%2Fweb-developers&page_number=0&page_type=directory&pid=135987&position=45&source=directory&trace_id=94ca0d8cdc07c1a6&transport_url=https%3A%2F%2Fg.clutch.co&u=https%3A%2F%2Fdreamix.eu%2Ftop-clutch-it-services-provider%2F%3Futm_source%3Dclutch.co%26utm_medium%3Dreferral%26utm_campaign%3Ddirectory,N/A,N/A,$25 - $49 / hr,"Sofia, Bulgaria"
Euphoric Thought Technologies Pvt. Ltd.,https://r.clutch.co/redirect?analyticsjs=true&category=Web+Developers&content_group=directory&debug_mode=false&event_category=visit_website&event_label=2115173&from_page=https%3A%2F%2Fclutch.co%2Fweb-developers&is_sponsor=true&keyword=Web+Developers&link_type=sponsor&no_click=1&page_canonical_id=1006000000000&page_location=https%3A%2F%2Fclutch.co%2Fweb-developers&page_number=0&page_type=directory&pid=2115173&position=46&source=directory&trace_id=94ca0d8cdc07c1a6&transport_url=https%3A%2F%2Fg.clutch.co&u=https%3A%2F%2Fwww.euphoricthought.com%2F%3Futm_source%3Dclutch.co%26utm_medium%3Dreferral%26utm_campaign%3Ddirectory%3Futm_source%3Dclutch.co%26utm_medium%3Dreferral%26utm_campaign%3Dweb-developers,N/A,N/A,$25 - $49 / hr,"Bengaluru, India"
Designli,https://r.clutch.co/redirect?analyticsjs=true&category=Web+Developers&content_group=directory&debug_mode=false&event_category=visit_website&event_label=45157&featured_listing_id=2&from_page=https%3A%2F%2Fclutch.co%2Fweb-developers&is_sponsor=true&keyword=Web+Developers&link_type=featured&no_click=1&page_canonical_id=1006000000000&page_location=https%3A%2F%2Fclutch.co%2Fweb-developers&page_number=0&page_type=directory&pid=45157&position=1&source=directory&trace_id=94ca0d8cdc07c1a6&transport_url=https%3A%2F%2Fg.clutch.co&u=https%3A%2F%2Fppc.clutch.co%2Fppc%2Fclick%2F%3Fs%3DeyJkZWNpc2lvbl9pZCI6IjQ3YzY2MTc1LWQ5ODQtNGQxZC05YTA5LWRkYmRiN2MxMzIyYyIsImltcHJlc3Npb25faWQiOiI4ZDc3YzUyYi0wNGU1LTQxMDctODgzMy1lZTA1MDdjNTRlNzkiLCJwcm92aWRlcl9pZCI6NDUxNTcsImZlYXR1cmVkX2xpc3RpbmdfaWQiOjIsImZlYXR1cmVkX3Bvc2l0aW9uX2lkIjoyMzk4NTcsInBvc2l0aW9uIjoxLCJpc19zcG90bGlnaHQiOmZhbHNlfQ%3A1uOJWC%3AV0fPJmVaoL5Sazb9YvU3Y-Otcyc6g2RfnKU-iYpIiHo,N/A,N/A,$50 - $99 / hr,"Greenville, SC"
Essential Designs,https://r.clutch.co/redirect?analyticsjs=true&category=Web+Developers&content_group=directory&debug_mode=false&event_category=visit_website&event_label=172819&featured_listing_id=2&from_page=https%3A%2F%2Fclutch.co%2Fweb-developers&is_sponsor=true&keyword=Web+Developers&link_type=featured&no_click=1&page_canonical_id=1006000000000&page_location=https%3A%2F%2Fclutch.co%2Fweb-developers&page_number=0&page_type=directory&pid=172819&position=2&source=directory&trace_id=94ca0d8cdc07c1a6&transport_url=https%3A%2F%2Fg.clutch.co&u=https%3A%2F%2Fppc.clutch.co%2Fppc%2Fclick%2F%3Fs%3DeyJkZWNpc2lvbl9pZCI6IjQ3YzY2MTc1LWQ5ODQtNGQxZC05YTA5LWRkYmRiN2MxMzIyYyIsImltcHJlc3Npb25faWQiOiJlMTYzNjk3OC1hYzI5LTQxNjctODhmMS1kZmI3ZmExYWQ2N2EiLCJwcm92aWRlcl9pZCI6MTcyODE5LCJmZWF0dXJlZF9saXN0aW5nX2lkIjoyLCJmZWF0dXJlZF9wb3NpdGlvbl9pZCI6Mjc5NTQ3LCJwb3NpdGlvbiI6MiwiaXNfc3BvdGxpZ2h0IjpmYWxzZX0%3A1uOJWC%3APQxH3hlgvRzOPxeWTFmeu7_ohRzVQSrehIu2vkWVZac,N/A,N/A,$50 - $99 / hr,"Vancouver, Canada"
ISKPRO Inc.,https://r.clutch.co/redirect?analyticsjs=true&category=Web+Developers&content_group=directory&debug_mode=false&event_category=visit_website&event_label=881995&featured_listing_id=2&from_page=https%3A%2F%2Fclutch.co%2Fweb-developers&is_sponsor=true&keyword=Web+Developers&link_type=featured&no_click=1&page_canonical_id=1006000000000&page_location=https%3A%2F%2Fclutch.co%2Fweb-developers&page_number=0&page_type=directory&pid=881995&position=3&source=directory&trace_id=94ca0d8cdc07c1a6&transport_url=https%3A%2F%2Fg.clutch.co&u=https%3A%2F%2Fppc.clutch.co%2Fppc%2Fclick%2F%3Fs%3DeyJkZWNpc2lvbl9pZCI6IjQ3YzY2MTc1LWQ5ODQtNGQxZC05YTA5LWRkYmRiN2MxMzIyYyIsImltcHJlc3Npb25faWQiOiI0N2ZmN2U3YS01MTU5LTQ3OTctOTAzOC05ZjYyZjViM2Q3YmMiLCJwcm92aWRlcl9pZCI6ODgxOTk1LCJmZWF0dXJlZF9saXN0aW5nX2lkIjoyLCJmZWF0dXJlZF9wb3NpdGlvbl9pZCI6MjgzNTQ2LCJwb3NpdGlvbiI6MywiaXNfc3BvdGxpZ2h0IjpmYWxzZX0%3A1uOJWC%3ANDaBpXPQxudrpooJSMncEkhPAQ2ttvPMfQ3sVDqbYdI,N/A,N/A,$25 - $49 / hr,"Chicago, IL"
Cleveroad,https://r.clutch.co/redirect?analyticsjs=true&category=Web+Developers&content_group=directory&debug_mode=false&event_category=visit_website&event_label=29455&from_page=https%3A%2F%2Fclutch.co%2Fweb-developers&is_sponsor=false&keyword=Web+Developers&no_click=1&page_canonical_id=1006000000000&page_location=https%3A%2F%2Fclutch.co%2Fweb-developers&page_number=0&page_type=directory&pid=29455&position=47&source=directory&trace_id=94ca0d8cdc07c1a6&transport_url=https%3A%2F%2Fg.clutch.co&u=https%3A%2F%2Fwww.cleveroad.com%2Foffer%2F%3Futm_source%3Dclutch.co%26utm_medium%3Dreferral%26utm_campaign%3Dweb-developers,N/A,N/A,$25 - $49 / hr,"New York, NY"
BairesDev,https://r.clutch.co/redirect?analyticsjs=true&category=Web+Developers&content_group=directory&debug_mode=false&event_category=visit_website&event_label=40866&from_page=https%3A%2F%2Fclutch.co%2Fweb-developers&is_sponsor=false&keyword=Web+Developers&no_click=1&page_canonical_id=1006000000000&page_location=https%3A%2F%2Fclutch.co%2Fweb-developers&page_number=0&page_type=directory&pid=40866&position=48&source=directory&trace_id=94ca0d8cdc07c1a6&transport_url=https%3A%2F%2Fg.clutch.co&u=https%3A%2F%2Fwww.bairesdev.com%2Flp%2Fc%2Fweb-development%2F%3Futm_source%3Dclutch.co%26utm_medium%3Dreferral%26utm_campaign%3Dweb-developers,N/A,N/A,$50 - $99 / hr,"San Francisco, CA"
Lounge Lizard,https://r.clutch.co/redirect?analyticsjs=true&category=Web+Developers&content_group=directory&debug_mode=false&event_category=visit_website&event_label=23730&featured_listing_id=2&from_page=https%3A%2F%2Fclutch.co%2Fweb-developers&is_sponsor=true&keyword=Web+Developers&link_type=featured&no_click=1&page_canonical_id=1006000000000&page_location=https%3A%2F%2Fclutch.co%2Fweb-developers&page_number=0&page_type=directory&pid=23730&position=4&source=directory&trace_id=94ca0d8cdc07c1a6&transport_url=https%3A%2F%2Fg.clutch.co&u=https%3A%2F%2Fppc.clutch.co%2Fppc%2Fclick%2F%3Fs%3DeyJkZWNpc2lvbl9pZCI6IjQ3YzY2MTc1LWQ5ODQtNGQxZC05YTA5LWRkYmRiN2MxMzIyYyIsImltcHJlc3Npb25faWQiOiJjMmQyZTZmMS02YTkwLTQ4YmEtYjcyMy1mMzM3MTRhNjkwNGEiLCJwcm92aWRlcl9pZCI6MjM3MzAsImZlYXR1cmVkX2xpc3RpbmdfaWQiOjIsImZlYXR1cmVkX3Bvc2l0aW9uX2lkIjoyMzk1ODAsInBvc2l0aW9uIjo0LCJpc19zcG90bGlnaHQiOmZhbHNlfQ%3A1uOJWC%3AOR6nHmBIaAdZgOpzYwJ-blQR5BayvURnmxTa25pLJMg,N/A,N/A,$100 - $149 / hr,"New York, NY"
INOXOFT,https://r.clutch.co/redirect?analyticsjs=true&category=Web+Developers&content_group=directory&debug_mode=false&event_category=visit_website&event_label=59342&featured_listing_id=2&from_page=https%3A%2F%2Fclutch.co%2Fweb-developers&is_sponsor=true&keyword=Web+Developers&link_type=featured&no_click=1&page_canonical_id=1006000000000&page_location=https%3A%2F%2Fclutch.co%2Fweb-developers&page_number=0&page_type=directory&pid=59342&position=5&source=directory&trace_id=94ca0d8cdc07c1a6&transport_url=https%3A%2F%2Fg.clutch.co&u=https%3A%2F%2Fppc.clutch.co%2Fppc%2Fclick%2F%3Fs%3DeyJkZWNpc2lvbl9pZCI6IjQ3YzY2MTc1LWQ5ODQtNGQxZC05YTA5LWRkYmRiN2MxMzIyYyIsImltcHJlc3Npb25faWQiOiJjNWMzM2NiZS03MTcwLTRkNzEtOTc1MC03Yzg0OTBlY2M5MmQiLCJwcm92aWRlcl9pZCI6NTkzNDIsImZlYXR1cmVkX2xpc3RpbmdfaWQiOjIsImZlYXR1cmVkX3Bvc2l0aW9uX2lkIjoyMzcwMTksInBvc2l0aW9uIjo1LCJpc19zcG90bGlnaHQiOmZhbHNlfQ%3A1uOJWC%3Akr7eqfCWzElI4r2X99x7sVpg6JTdIqdf7IAZvv2T0cI,N/A,N/A,$25 - $49 / hr,"Newark, DE"
Storm Brain,https://r.clutch.co/redirect?analyticsjs=true&category=Web+Developers&content_group=directory&debug_mode=false&event_category=visit_website&event_label=144352&featured_listing_id=2&from_page=https%3A%2F%2Fclutch.co%2Fweb-developers&is_sponsor=true&keyword=Web+Developers&link_type=featured&no_click=1&page_canonical_id=1006000000000&page_location=https%3A%2F%2Fclutch.co%2Fweb-developers&page_number=0&page_type=directory&pid=144352&position=6&source=directory&trace_id=94ca0d8cdc07c1a6&transport_url=https%3A%2F%2Fg.clutch.co&u=https%3A%2F%2Fppc.clutch.co%2Fppc%2Fclick%2F%3Fs%3DeyJkZWNpc2lvbl9pZCI6IjQ3YzY2MTc1LWQ5ODQtNGQxZC05YTA5LWRkYmRiN2MxMzIyYyIsImltcHJlc3Npb25faWQiOiI0YTQ2YzEwNi0zMjU0LTQ2NjktOTEyMy1mYTZhNzIyNTc3NjgiLCJwcm92aWRlcl9pZCI6MTQ0MzUyLCJmZWF0dXJlZF9saXN0aW5nX2lkIjoyLCJmZWF0dXJlZF9wb3NpdGlvbl9pZCI6MzAzNTk5LCJwb3NpdGlvbiI6NiwiaXNfc3BvdGxpZ2h0IjpmYWxzZX0%3A1uOJWC%3ADRV1_6A_QjKH-LdIakJH1H7ipOXQhQwKGb-IJDgW64A,N/A,N/A,$150 - $199 / hr,"Carlsbad, CA"
Aalpha Information Systems India Pvt. Ltd,https://r.clutch.co/redirect?analyticsjs=true&category=Web+Developers&content_group=directory&debug_mode=false&event_category=visit_website&event_label=19502&from_page=https%3A%2F%2Fclutch.co%2Fweb-developers&is_sponsor=false&keyword=Web+Developers&no_click=1&page_canonical_id=1006000000000&page_location=https%3A%2F%2Fclutch.co%2Fweb-developers&page_number=0&page_type=directory&pid=19502&position=49&source=directory&trace_id=94ca0d8cdc07c1a6&transport_url=https%3A%2F%2Fg.clutch.co&u=https%3A%2F%2Faalpha.net%2F%3Futm_source%3Dclutch.co%2F%26utm_medium%3Dreferral%26utm_campaign%3Dweb-developers,N/A,N/A,< $25 / hr,"Bengaluru, India"
Sigma Software Group,https://r.clutch.co/redirect?analyticsjs=true&category=Web+Developers&content_group=directory&debug_mode=false&event_category=visit_website&event_label=86469&from_page=https%3A%2F%2Fclutch.co%2Fweb-developers&is_sponsor=false&keyword=Web+Developers&no_click=1&page_canonical_id=1006000000000&page_location=https%3A%2F%2Fclutch.co%2Fweb-developers&page_number=0&page_type=directory&pid=86469&position=50&source=directory&trace_id=94ca0d8cdc07c1a6&transport_url=https%3A%2F%2Fg.clutch.co&u=https%3A%2F%2Fsigma.software%2Fservices%2Fwebsite-design-development-services%3Futm_source%3Dclutch.co%26utm_medium%3Dreferral%26utm_campaign%3Dweb-developers,N/A,N/A,$50 - $99 / hr,"L'viv, Ukraine"
,https://r.clutch.co/redirect?analyticsjs=true&category=Web+Developers&content_group=leaders_matrix&debug_mode=false&event_category=visit_website&event_label=59342&from_page=https%3A%2F%2Fclutch.co%2Fweb-developers&is_sponsor=true&keyword=Web+Developers&link_type=sponsor&no_click=1&page_canonical_id=1006000000000&page_location=https%3A%2F%2Fclutch.co%2Fweb-developers&page_type=leaders_matrix&pid=59342&position=1&source=directory&trace_id=94ca0d8cdc07c1a6&transport_url=https%3A%2F%2Fg.clutch.co&u=https%3A%2F%2Finoxoft.com%2F%3Futm_source%3Dclutch.co%26utm_medium%3Dreferral%26utm_campaign%3Dweb-developers,N/A,N/A,,
,https://r.clutch.co/redirect?analyticsjs=true&category=Web+Developers&content_group=leaders_matrix&debug_mode=false&event_category=visit_website&event_label=29455&from_page=https%3A%2F%2Fclutch.co%2Fweb-developers&is_sponsor=false&keyword=Web+Developers&no_click=1&page_canonical_id=1006000000000&page_location=https%3A%2F%2Fclutch.co%2Fweb-developers&page_type=leaders_matrix&pid=29455&position=2&source=directory&trace_id=94ca0d8cdc07c1a6&transport_url=https%3A%2F%2Fg.clutch.co&u=https%3A%2F%2Fwww.cleveroad.com%2Foffer%2F%3Futm_source%3Dclutch.co%26utm_medium%3Dreferral%26utm_campaign%3Dweb-developers,N/A,N/A,,
,https://r.clutch.co/redirect?analyticsjs=true&category=Web+Developers&content_group=leaders_matrix&debug_mode=false&event_category=visit_website&event_label=153991&from_page=https%3A%2F%2Fclutch.co%2Fweb-developers&is_sponsor=true&keyword=Web+Developers&link_type=sponsor&no_click=1&page_canonical_id=1006000000000&page_location=https%3A%2F%2Fclutch.co%2Fweb-developers&page_type=leaders_matrix&pid=153991&position=3&source=directory&trace_id=94ca0d8cdc07c1a6&transport_url=https%3A%2F%2Fg.clutch.co&u=https%3A%2F%2Fgeniusee.com%2F%3Futm_source%3DClutch%26utm_medium%3Dreferral%26utm_campaign%3DSponsored_Top_Web_Development_Companies,N/A,N/A,,
,https://r.clutch.co/redirect?analyticsjs=true&category=Web+Developers&content_group=leaders_matrix&debug_mode=false&event_category=visit_website&event_label=40866&from_page=https%3A%2F%2Fclutch.co%2Fweb-developers&is_sponsor=false&keyword=Web+Developers&no_click=1&page_canonical_id=1006000000000&page_location=https%3A%2F%2Fclutch.co%2Fweb-developers&page_type=leaders_matrix&pid=40866&position=4&source=directory&trace_id=94ca0d8cdc07c1a6&transport_url=https%3A%2F%2Fg.clutch.co&u=https%3A%2F%2Fwww.bairesdev.com%2Flp%2Fc%2Fweb-development%2F%3Futm_source%3Dclutch.co%26utm_medium%3Dreferral%26utm_campaign%3Dweb-developers,N/A,N/A,,
,https://r.clutch.co/redirect?analyticsjs=true&category=Web+Developers&content_group=leaders_matrix&debug_mode=false&event_category=visit_website&event_label=31689&from_page=https%3A%2F%2Fclutch.co%2Fweb-developers&is_sponsor=false&keyword=Web+Developers&no_click=1&page_canonical_id=1006000000000&page_location=https%3A%2F%2Fclutch.co%2Fweb-developers&page_type=leaders_matrix&pid=31689&position=5&source=directory&trace_id=94ca0d8cdc07c1a6&transport_url=https%3A%2F%2Fg.clutch.co&u=https%3A%2F%2Fbrainhub.eu%2F%3Futm_source%3Dclutch.co%26utm_medium%3Dreferral%26utm_campaign%3Dweb-developers,N/A,N/A,,
,https://r.clutch.co/redirect?analyticsjs=true&category=Web+Developers&content_group=leaders_matrix&debug_mode=false&event_category=visit_website&event_label=102433&from_page=https%3A%2F%2Fclutch.co%2Fweb-developers&is_sponsor=true&keyword=Web+Developers&link_type=sponsor&no_click=1&page_canonical_id=1006000000000&page_location=https%3A%2F%2Fclutch.co%2Fweb-developers&page_type=leaders_matrix&pid=102433&position=6&source=directory&trace_id=94ca0d8cdc07c1a6&transport_url=https%3A%2F%2Fg.clutch.co&u=https%3A%2F%2Fwww.xfive.co%2Fpartners%2Fclutch%2F%3Futm_source%3Dclutch.co%26utm_medium%3Dreferral%26utm_campaign%3Dweb-developers,N/A,N/A,,
,https://r.clutch.co/redirect?analyticsjs=true&category=Web+Developers&content_group=leaders_matrix&debug_mode=false&event_category=visit_website&event_label=19502&from_page=https%3A%2F%2Fclutch.co%2Fweb-developers&is_sponsor=false&keyword=Web+Developers&no_click=1&page_canonical_id=1006000000000&page_location=https%3A%2F%2Fclutch.co%2Fweb-developers&page_type=leaders_matrix&pid=19502&position=7&source=directory&trace_id=94ca0d8cdc07c1a6&transport_url=https%3A%2F%2Fg.clutch.co&u=https%3A%2F%2Faalpha.net%2F%3Futm_source%3Dclutch.co%2F%26utm_medium%3Dreferral%26utm_campaign%3Dweb-developers,N/A,N/A,,
,https://r.clutch.co/redirect?analyticsjs=true&category=Web+Developers&content_group=leaders_matrix&debug_mode=false&event_category=visit_website&event_label=86469&from_page=https%3A%2F%2Fclutch.co%2Fweb-developers&is_sponsor=false&keyword=Web+Developers&no_click=1&page_canonical_id=1006000000000&page_location=https%3A%2F%2Fclutch.co%2Fweb-developers&page_type=leaders_matrix&pid=86469&position=8&source=directory&trace_id=94ca0d8cdc07c1a6&transport_url=https%3A%2F%2Fg.clutch.co&u=https%3A%2F%2Fsigma.software%2Fservices%2Fwebsite-design-development-services%3Futm_source%3Dclutch.co%26utm_medium%3Dreferral%26utm_campaign%3Dweb-developers,N/A,N/A,,
,https://r.clutch.co/redirect?analyticsjs=true&category=Web+Developers&content_group=leaders_matrix&debug_mode=false&event_category=visit_website&event_label=1205943&from_page=https%3A%2F%2Fclutch.co%2Fweb-developers&is_sponsor=false&keyword=Web+Developers&no_click=1&page_canonical_id=1006000000000&page_location=https%3A%2F%2Fclutch.co%2Fweb-developers&page_type=leaders_matrix&pid=1205943&position=9&source=directory&trace_id=94ca0d8cdc07c1a6&transport_url=https%3A%2F%2Fg.clutch.co&u=https%3A%2F%2Fwpwebinfotech.com%2Fweb-development%2F%3Futm_source%3Dclutch.co%2F%26utm_medium%3Dreferral%26utm_campaign%3Dweb-developers,N/A,N/A,,
,https://r.clutch.co/redirect?analyticsjs=true&category=Web+Developers&content_group=leaders_matrix&debug_mode=false&event_category=visit_website&event_label=335158&from_page=https%3A%2F%2Fclutch.co%2Fweb-developers&is_sponsor=false&keyword=Web+Developers&no_click=1&page_canonical_id=1006000000000&page_location=https%3A%2F%2Fclutch.co%2Fweb-developers&page_type=leaders_matrix&pid=335158&position=10&source=directory&trace_id=94ca0d8cdc07c1a6&transport_url=https%3A%2F%2Fg.clutch.co&u=https%3A%2F%2Fanyforsoft.com%2F%3Futm_source%3Dclutch.co%26utm_medium%3Dreferral%26utm_campaign%3Dweb-development,N/A,N/A,,
,https://r.clutch.co/redirect?analyticsjs=true&category=Web+Developers&content_group=leaders_matrix&debug_mode=false&event_category=visit_website&event_label=22845&from_page=https%3A%2F%2Fclutch.co%2Fweb-developers&is_sponsor=false&keyword=Web+Developers&no_click=1&page_canonical_id=1006000000000&page_location=https%3A%2F%2Fclutch.co%2Fweb-developers&page_type=leaders_matrix&pid=22845&position=11&source=directory&trace_id=94ca0d8cdc07c1a6&transport_url=https%3A%2F%2Fg.clutch.co&u=https%3A%2F%2Fimagexmedia.com%2Fclutch-global-leader%2F%3Futm_source%3Dclutch.co%26utm_medium%3Dreferral,N/A,N/A,,
,https://r.clutch.co/redirect?analyticsjs=true&category=Web+Developers&content_group=leaders_matrix&debug_mode=false&event_category=visit_website&event_label=21371&from_page=https%3A%2F%2Fclutch.co%2Fweb-developers&is_sponsor=false&keyword=Web+Developers&no_click=1&page_canonical_id=1006000000000&page_location=https%3A%2F%2Fclutch.co%2Fweb-developers&page_type=leaders_matrix&pid=21371&position=12&source=directory&trace_id=94ca0d8cdc07c1a6&transport_url=https%3A%2F%2Fg.clutch.co&u=https%3A%2F%2Fdjangostars.com%2Ftop-ranked-software-development-company-clutch%2F,N/A,N/A,,
,https://r.clutch.co/redirect?analyticsjs=true&category=Web+Developers&content_group=leaders_matrix&debug_mode=false&event_category=visit_website&event_label=1404771&from_page=https%3A%2F%2Fclutch.co%2Fweb-developers&is_sponsor=false&keyword=Web+Developers&no_click=1&page_canonical_id=1006000000000&page_location=https%3A%2F%2Fclutch.co%2Fweb-developers&page_type=leaders_matrix&pid=1404771&position=13&source=directory&trace_id=94ca0d8cdc07c1a6&transport_url=https%3A%2F%2Fg.clutch.co&u=https%3A%2F%2Fempat.tech%2F%3Futm_source%3Dclutch.co%26utm_medium%3Dreferral%26utm_campaign%3Dweb-developers,N/A,N/A,,
,https://r.clutch.co/redirect?analyticsjs=true&category=Web+Developers&content_group=leaders_matrix&debug_mode=false&event_category=visit_website&event_label=15386&from_page=https%3A%2F%2Fclutch.co%2Fweb-developers&is_sponsor=false&keyword=Web+Developers&no_click=1&page_canonical_id=1006000000000&page_location=https%3A%2F%2Fclutch.co%2Fweb-developers&page_type=leaders_matrix&pid=15386&position=14&source=directory&trace_id=94ca0d8cdc07c1a6&transport_url=https%3A%2F%2Fg.clutch.co&u=https%3A%2F%2Fwww.merixstudio.com%3Futm_source%3Dclutch.co%26utm_medium%3Dreferral%26utm_campaign%3Dweb-developers,N/A,N/A,,
,https://r.clutch.co/redirect?analyticsjs=true&category=Web+Developers&content_group=leaders_matrix&debug_mode=false&event_category=visit_website&event_label=23705&from_page=https%3A%2F%2Fclutch.co%2Fweb-developers&is_sponsor=false&keyword=Web+Developers&no_click=1&page_canonical_id=1006000000000&page_location=https%3A%2F%2Fclutch.co%2Fweb-developers&page_type=leaders_matrix&pid=23705&position=15&source=directory&trace_id=94ca0d8cdc07c1a6&transport_url=https%3A%2F%2Fg.clutch.co&u=https%3A%2F%2Ftsh.io%2Fspecialists-on-demand%2Fdedicated-product-teams%2F%3Futm_source%3Dclutch%26utm_medium%3Dcpc%26utm_campaign%3Dweb_development,N/A,N/A,,
,https://r.clutch.co/redirect?analyticsjs=true&category=Web+Developers&content_group=leaders_matrix&debug_mode=false&event_category=visit_website&event_label=547038&from_page=https%3A%2F%2Fclutch.co%2Fweb-developers&is_sponsor=false&keyword=Web+Developers&no_click=1&page_canonical_id=1006000000000&page_location=https%3A%2F%2Fclutch.co%2Fweb-developers&page_type=leaders_matrix&pid=547038&position=1&source=directory&trace_id=94ca0d8cdc07c1a6&transport_url=https%3A%2F%2Fg.clutch.co&u=https%3A%2F%2Fwww.10pines.com%3Futm_source%3Dclutch.co%26utm_medium%3Dreferral%26utm_campaign%3Dweb-developers,N/A,N/A,,
,https://r.clutch.co/redirect?analyticsjs=true&category=Web+Developers&content_group=leaders_matrix&debug_mode=false&event_category=visit_website&event_label=1973322&from_page=https%3A%2F%2Fclutch.co%2Fweb-developers&is_sponsor=true&keyword=Web+Developers&link_type=sponsor&no_click=1&page_canonical_id=1006000000000&page_location=https%3A%2F%2Fclutch.co%2Fweb-developers&page_type=leaders_matrix&pid=1973322&position=2&source=directory&trace_id=94ca0d8cdc07c1a6&transport_url=https%3A%2F%2Fg.clutch.co&u=https%3A%2F%2Fwww.digitalbutlers.team%2F%3Futm_source%3Dclutch.co%26utm_medium%3Dreferral%26utm_campaign%3Dweb-developers,N/A,N/A,,
,https://r.clutch.co/redirect?analyticsjs=true&category=Web+Developers&content_group=leaders_matrix&debug_mode=false&event_category=visit_website&event_label=19399&from_page=https%3A%2F%2Fclutch.co%2Fweb-developers&is_sponsor=true&keyword=Web+Developers&link_type=sponsor&no_click=1&page_canonical_id=1006000000000&page_location=https%3A%2F%2Fclutch.co%2Fweb-developers&page_type=leaders_matrix&pid=19399&position=3&source=directory&trace_id=94ca0d8cdc07c1a6&transport_url=https%3A%2F%2Fg.clutch.co&u=https%3A%2F%2Fwww.mobikasa.com%2Fweb-developers%2F%3Futm_source%3Dclutch.co%26utm_medium%3Dreferral%26utm_campaign%3Dweb-developers,N/A,N/A,,
,https://r.clutch.co/redirect?analyticsjs=true&category=Web+Developers&content_group=leaders_matrix&debug_mode=false&event_category=visit_website&event_label=381822&from_page=https%3A%2F%2Fclutch.co%2Fweb-developers&is_sponsor=false&keyword=Web+Developers&no_click=1&page_canonical_id=1006000000000&page_location=https%3A%2F%2Fclutch.co%2Fweb-developers&page_type=leaders_matrix&pid=381822&position=4&source=directory&trace_id=94ca0d8cdc07c1a6&transport_url=https%3A%2F%2Fg.clutch.co&u=https%3A%2F%2Fyellow.systems%2Fbook-a-call%2F%3Futm_source%3Dclutch.co%26utm_medium%3Dreferral%26utm_campaign%3Dweb-developers,N/A,N/A,,
,https://r.clutch.co/redirect?analyticsjs=true&category=Web+Developers&content_group=leaders_matrix&debug_mode=false&event_category=visit_website&event_label=34333&from_page=https%3A%2F%2Fclutch.co%2Fweb-developers&is_sponsor=false&keyword=Web+Developers&no_click=1&page_canonical_id=1006000000000&page_location=https%3A%2F%2Fclutch.co%2Fweb-developers&page_type=leaders_matrix&pid=34333&position=5&source=directory&trace_id=94ca0d8cdc07c1a6&transport_url=https%3A%2F%2Fg.clutch.co&u=https%3A%2F%2Fartelogic.net%2F%3Futm_source%3Dclutch.co%26utm_medium%3Dreferral%26utm_campaign%3Dweb-developers,N/A,N/A,,
,https://r.clutch.co/redirect?analyticsjs=true&category=Web+Developers&content_group=leaders_matrix&debug_mode=false&event_category=visit_website&event_label=1978893&from_page=https%3A%2F%2Fclutch.co%2Fweb-developers&is_sponsor=false&keyword=Web+Developers&no_click=1&page_canonical_id=1006000000000&page_location=https%3A%2F%2Fclutch.co%2Fweb-developers&page_type=leaders_matrix&pid=1978893&position=6&source=directory&trace_id=94ca0d8cdc07c1a6&transport_url=https%3A%2F%2Fg.clutch.co&u=https%3A%2F%2Fpolitetechsoftware.com%2F%3Futm_source%3Dclutch.co%26utm_medium%3Dreferral%26utm_campaign%3Ddirectory,N/A,N/A,,
,https://r.clutch.co/redirect?analyticsjs=true&category=Web+Developers&content_group=leaders_matrix&debug_mode=false&event_category=visit_website&event_label=24796&from_page=https%3A%2F%2Fclutch.co%2Fweb-developers&is_sponsor=false&keyword=Web+Developers&no_click=1&page_canonical_id=1006000000000&page_location=https%3A%2F%2Fclutch.co%2Fweb-developers&page_type=leaders_matrix&pid=24796&position=7&source=directory&trace_id=94ca0d8cdc07c1a6&transport_url=https%3A%2F%2Fg.clutch.co&u=https%3A%2F%2Furbaninsight.com%2F%3Futm_source%3Dclutch.co%26utm_medium%3Dreferral%26utm_campaign%3Dweb-developers,N/A,N/A,,
,https://r.clutch.co/redirect?analyticsjs=true&category=Web+Developers&content_group=leaders_matrix&debug_mode=false&event_category=visit_website&event_label=46907&from_page=https%3A%2F%2Fclutch.co%2Fweb-developers&is_sponsor=false&keyword=Web+Developers&no_click=1&page_canonical_id=1006000000000&page_location=https%3A%2F%2Fclutch.co%2Fweb-developers&page_type=leaders_matrix&pid=46907&position=8&source=directory&trace_id=94ca0d8cdc07c1a6&transport_url=https%3A%2F%2Fg.clutch.co&u=https%3A%2F%2Fshakuro.com%2F%3Futm_source%3Dclutch.co%26utm_medium%3Dprofile-link%26utm_campaign%3Dlisting,N/A,N/A,,
,https://r.clutch.co/redirect?analyticsjs=true&category=Web+Developers&content_group=leaders_matrix&debug_mode=false&event_category=visit_website&event_label=246051&from_page=https%3A%2F%2Fclutch.co%2Fweb-developers&is_sponsor=false&keyword=Web+Developers&no_click=1&page_canonical_id=1006000000000&page_location=https%3A%2F%2Fclutch.co%2Fweb-developers&page_type=leaders_matrix&pid=246051&position=9&source=directory&trace_id=94ca0d8cdc07c1a6&transport_url=https%3A%2F%2Fg.clutch.co&u=https%3A%2F%2Fwww.popwebdesign.net%2Findex_eng.html%3Futm_source%3Dclutch.co%26utm_medium%3Dreferral%26utm_campaign%3Ddirectory,N/A,N/A,,
,https://r.clutch.co/redirect?analyticsjs=true&category=Web+Developers&content_group=leaders_matrix&debug_mode=false&event_category=visit_website&event_label=422250&from_page=https%3A%2F%2Fclutch.co%2Fweb-developers&is_sponsor=false&keyword=Web+Developers&no_click=1&page_canonical_id=1006000000000&page_location=https%3A%2F%2Fclutch.co%2Fweb-developers&page_type=leaders_matrix&pid=422250&position=10&source=directory&trace_id=94ca0d8cdc07c1a6&transport_url=https%3A%2F%2Fg.clutch.co&u=https%3A%2F%2Fwww.airdev.co%2Fsmarter-web-development%3Futm_source%3Dclutch.co%26utm_medium%3Dreferral%26utm_campaign%3Dweb-developers,N/A,N/A,,
,https://r.clutch.co/redirect?analyticsjs=true&category=Web+Developers&content_group=leaders_matrix&debug_mode=false&event_category=visit_website&event_label=366970&from_page=https%3A%2F%2Fclutch.co%2Fweb-developers&is_sponsor=false&keyword=Web+Developers&no_click=1&page_canonical_id=1006000000000&page_location=https%3A%2F%2Fclutch.co%2Fweb-developers&page_type=leaders_matrix&pid=366970&position=11&source=directory&trace_id=94ca0d8cdc07c1a6&transport_url=https%3A%2F%2Fg.clutch.co&u=https%3A%2F%2Fincora.software%2F%3Futm_source%3Dclutch.co%26utm_medium%3Dreferral%26utm_campaign%3Dweb-developers,N/A,N/A,,
,https://r.clutch.co/redirect?analyticsjs=true&category=Web+Developers&content_group=leaders_matrix&debug_mode=false&event_category=visit_website&event_label=403365&from_page=https%3A%2F%2Fclutch.co%2Fweb-developers&is_sponsor=true&keyword=Web+Developers&link_type=sponsor&no_click=1&page_canonical_id=1006000000000&page_location=https%3A%2F%2Fclutch.co%2Fweb-developers&page_type=leaders_matrix&pid=403365&position=12&source=directory&trace_id=94ca0d8cdc07c1a6&transport_url=https%3A%2F%2Fg.clutch.co&u=https%3A%2F%2Fwolfpack-digital.com%2F%3Futm_source%3Dclutch%26utm_campaign%3Dweb-developers,N/A,N/A,,
,https://r.clutch.co/redirect?analyticsjs=true&category=Web+Developers&content_group=leaders_matrix&debug_mode=false&event_category=visit_website&event_label=904829&from_page=https%3A%2F%2Fclutch.co%2Fweb-developers&is_sponsor=false&keyword=Web+Developers&no_click=1&page_canonical_id=1006000000000&page_location=https%3A%2F%2Fclutch.co%2Fweb-developers&page_type=leaders_matrix&pid=904829&position=13&source=directory&trace_id=94ca0d8cdc07c1a6&transport_url=https%3A%2F%2Fg.clutch.co&u=https%3A%2F%2Fblazity.com%3Futm_source%3Dclutch.co%26utm_medium%3Dreferral%26utm_campaign%3Dweb-developers,N/A,N/A,,
,https://r.clutch.co/redirect?analyticsjs=true&category=Web+Developers&content_group=leaders_matrix&debug_mode=false&event_category=visit_website&event_label=2190524&from_page=https%3A%2F%2Fclutch.co%2Fweb-developers&is_sponsor=false&keyword=Web+Developers&no_click=1&page_canonical_id=1006000000000&page_location=https%3A%2F%2Fclutch.co%2Fweb-developers&page_type=leaders_matrix&pid=2190524&position=14&source=directory&trace_id=94ca0d8cdc07c1a6&transport_url=https%3A%2F%2Fg.clutch.co&u=https%3A%2F%2Fwww.mavlers.com%2Fdigital-outsourcing-agency%2F%3Futm_source%3Dclutch.co%26utm_medium%3Dvisit_website_cta%26utm_campaign%3Ddirectory_listing,N/A,N/A,,
,https://r.clutch.co/redirect?analyticsjs=true&category=Web+Developers&content_group=leaders_matrix&debug_mode=false&event_category=visit_website&event_label=193656&from_page=https%3A%2F%2Fclutch.co%2Fweb-developers&is_sponsor=false&keyword=Web+Developers&no_click=1&page_canonical_id=1006000000000&page_location=https%3A%2F%2Fclutch.co%2Fweb-developers&page_type=leaders_matrix&pid=193656&position=15&source=directory&trace_id=94ca0d8cdc07c1a6&transport_url=https%3A%2F%2Fg.clutch.co&u=https%3A%2F%2F247labs.com%2F,N/A,N/A,,
